<?xml version="1.0" encoding="UTF-8" standalone="yes"?>
<addon id="plugin.video.jafaer" name="Jafaer-tv" version="0.4.0" provider-name="jafaer-tv">
  <requires>
    <import addon="xbmc.python" version="2.1.0"/>
  </requires>
  <extension point="xbmc.python.pluginsource" library="default.py">
        <provides>video executable</provides>
  </extension>
  <extension point="xbmc.addon.metadata">
    <summary lang="en">Jafaer-tv Wizard</summary>
    <description lang="en">##Credit To Husham for his support and friendship and Credit to spinztvfor let me use his skin wizard##</description>
    <platform>all</platform>
  </extension>
</addon>
